<?xml version="1.0" encoding="UTF-8"?>
<project-private xmlns="http://www.netbeans.org/ns/project-private/1">
    <editor-bookmarks xmlns="http://www.netbeans.org/ns/editor-bookmarks/2" lastBookmarkId="0"/>
    <open-files xmlns="http://www.netbeans.org/ns/projectui-open-files/2">
        <group>
            <file>file:/C:/Users/gherg/OneDrive/Desktop/Project/src/project/Reservation.java</file>
            <file>file:/C:/Users/gherg/OneDrive/Desktop/Project/src/project/ShowFlights.java</file>
            <file>file:/C:/Users/gherg/OneDrive/Desktop/Project/src/project/ClassType.java</file>
            <file>file:/C:/Users/gherg/OneDrive/Desktop/Project/src/project/Main.java</file>
            <file>file:/C:/Users/gherg/OneDrive/Desktop/Project/src/project/SearchForFlights.java</file>
            <file>file:/C:/Users/gherg/OneDrive/Desktop/Project/src/project/Payment.java</file>
            <file>file:/C:/Users/gherg/OneDrive/Desktop/Project/src/project/FlightsAgenda.java</file>
            <file>file:/C:/Users/gherg/OneDrive/Desktop/Project/src/project/Results.java</file>
            <file>file:/C:/Users/gherg/OneDrive/Desktop/Project/src/project/Ticket.java</file>
            <file>file:/C:/Users/gherg/OneDrive/Desktop/Project/src/project/Window.java</file>
            <file>file:/C:/Users/gherg/OneDrive/Desktop/Project/src/project/FlightsList.java</file>
            <file>file:/C:/Users/gherg/OneDrive/Desktop/Project/src/project/InFlight.java</file>
        </group>
    </open-files>
</project-private>
